balance_transaction_id,created,available_on,currency,gross,fee,net,reporting_category,source_id,payment_intent_id,charge_id
txn_000001,2026-10-01 09:00:00,2026-10-03 00:00:00,eur,363.19,10.53,352.66,charge,ch_000032,pi_000032,ch_000032
txn_000002,2026-10-01 09:00:00,2026-10-03 00:00:00,eur,375.25,10.88,364.37,charge,ch_000109,pi_000109,ch_000109
txn_po_000002,2026-10-02 08:00:00,2026-10-04 00:00:00,usd,-100.00,0.00,-100.00,payout,po_000002,,
txn_000003,2026-10-01 09:00:00,2026-10-03 00:00:00,usd,105.81,3.06,102.75,charge,ch_000029,pi_000029,ch_000029
txn_000004,2026-10-01 09:00:00,2026-10-03 00:00:00,usd,334.75,9.70,325.05,charge,ch_000156,pi_000156,ch_000156
txn_000005,2026-10-01 09:00:00,2026-10-03 00:00:00,usd,436.79,12.66,424.13,charge,ch_000166,pi_000166,ch_000166
txn_000006,2026-10-01 09:00:00,2026-10-03 00:00:00,jpy,32767,950,31817,charge,ch_000184,pi_000184,ch_000184
txn_000007,2026-10-01 09:00:00,2026-10-03 00:00:00,eur,458.51,13.29,445.22,charge,ch_000019,pi_000019,ch_000019
txn_000008,2026-10-01 09:00:00,2026-10-03 00:00:00,jpy,29399,852,28547,charge,ch_000185,pi_000185,ch_000185
txn_000009,2026-10-01 09:00:00,2026-10-03 00:00:00,usd,23.40,0.67,22.73,charge,ch_000047,pi_000047,ch_000047
txn_000010,2026-10-01 09:00:00,2026-10-03 00:00:00,eur,452.64,13.12,439.52,charge,ch_000005,pi_000005,ch_000005
txn_po_000010,2026-10-02 08:00:00,2026-10-04 00:00:00,usd,-100.00,0.00,-100.00,payout,po_000010,,
txn_000011,2026-10-01 09:00:00,2026-10-03 00:00:00,usd,254.13,7.36,246.77,charge,ch_000181,pi_000181,ch_000181
txn_000012,2026-10-01 09:00:00,2026-10-03 00:00:00,eur,182.31,5.28,177.03,charge,ch_000016,pi_000016,ch_000016
txn_000013,2026-10-01 09:00:00,2026-10-03 00:00:00,usd,279.30,8.09,271.21,charge,ch_000127,pi_000127,ch_000127
txn_000014,2026-10-01 09:00:00,2026-10-03 00:00:00,jpy,47819,1386,46433,charge,ch_000141,pi_000141,ch_000141
txn_000015,2026-10-01 09:00:00,2026-10-03 00:00:00,eur,36.89,1.06,35.83,charge,ch_000077,pi_000077,ch_000077
txn_000016,2026-10-01 09:00:00,2026-10-03 00:00:00,eur,470.29,13.63,456.66,charge,ch_000065,pi_000065,ch_000065
txn_000017,2026-10-01 09:00:00,2026-10-03 00:00:00,eur,366.96,10.64,356.32,charge,ch_000075,pi_000075,ch_000075
txn_000018,2026-10-01 09:00:00,2026-10-03 00:00:00,jpy,6553,190,6363,charge,ch_000192,pi_000192,ch_000192
txn_000019,2026-10-01 09:00:00,2026-10-03 00:00:00,jpy,1734,50,1684,charge,ch_000198,pi_000198,ch_000198
txn_000020,2026-10-01 09:00:00,2026-10-03 00:00:00,jpy,14296,414,13882,charge,ch_000179,pi_000179,ch_000179
txn_000021,2026-10-01 09:00:00,2026-10-03 00:00:00,eur,116.83,3.38,113.45,charge,ch_000023,pi_000023,ch_000023
txn_000022,2026-10-01 09:00:00,2026-10-03 00:00:00,eur,418.42,12.13,406.29,charge,ch_000026,pi_000026,ch_000026
txn_000023,2026-10-01 09:00:00,2026-10-03 00:00:00,usd,313.85,9.10,304.75,charge,ch_000072,pi_000072,ch_000072
txn_000024,2026-10-01 09:00:00,2026-10-03 00:00:00,jpy,49503,1435,48068,charge,ch_000162,pi_000162,ch_000162
txn_po_000024,2026-10-02 08:00:00,2026-10-04 00:00:00,usd,-100.00,0.00,-100.00,payout,po_000024,,
txn_000025,2026-10-01 09:00:00,2026-10-03 00:00:00,eur,60.35,1.75,58.60,charge,ch_000196,pi_000196,ch_000196
txn_po_000025,2026-10-02 08:00:00,2026-10-04 00:00:00,usd,-100.00,0.00,-100.00,payout,po_000025,,
txn_000026,2026-10-01 09:00:00,2026-10-03 00:00:00,jpy,21329,618,20711,charge,ch_000090,pi_000090,ch_000090
txn_000027,2026-10-01 09:00:00,2026-10-03 00:00:00,usd,348.24,10.09,338.15,charge,ch_000154,pi_000154,ch_000154
txn_000028,2026-10-01 09:00:00,2026-10-03 00:00:00,eur,195.22,5.66,189.56,charge,ch_000180,pi_000180,ch_000180
txn_000029,2026-10-01 09:00:00,2026-10-03 00:00:00,usd,20.69,0.60,20.09,charge,ch_000142,pi_000142,ch_000142
txn_000030,2026-10-01 09:00:00,2026-10-03 00:00:00,jpy,19531,566,18965,charge,ch_000051,pi_000051,ch_000051
txn_000031,2026-10-01 09:00:00,2026-10-03 00:00:00,eur,121.77,3.40,118.37,charge,ch_000209,pi_000209,ch_000209
txn_000032,2026-10-01 09:00:00,2026-10-03 00:00:00,eur,355.08,10.29,344.79,charge,ch_000063,pi_000063,ch_000063
txn_000033,2026-10-01 09:00:00,2026-10-03 00:00:00,jpy,38305,1110,37195,charge,ch_000107,pi_000107,ch_000107
txn_000034,2026-10-01 09:00:00,2026-10-03 00:00:00,eur,321.97,9.33,312.64,charge,ch_000123,pi_000123,ch_000123
txn_000035,2026-10-01 09:00:00,2026-10-03 00:00:00,usd,436.26,12.65,423.61,charge,ch_000022,pi_000022,ch_000022
txn_000036,2026-10-01 09:00:00,2026-10-03 00:00:00,jpy,39835,1155,38680,charge,ch_000080,pi_000080,ch_000080
txn_po_000036,2026-10-02 08:00:00,2026-10-04 00:00:00,usd,-100.00,0.00,-100.00,payout,po_000036,,
txn_000037,2026-10-01 09:00:00,2026-10-03 00:00:00,jpy,10399,301,10098,charge,ch_000143,pi_000143,ch_000143
txn_000038,2026-10-01 09:00:00,2026-10-03 00:00:00,jpy,45230,1311,43919,charge,ch_000170,pi_000170,ch_000170
txn_000039,2026-10-01 09:00:00,2026-10-03 00:00:00,usd,340.46,9.87,330.59,charge,ch_000093,pi_000093,ch_000093
txn_000040,2026-10-01 09:00:00,2026-10-03 00:00:00,usd,50.65,1.46,49.19,charge,ch_000060,pi_000060,ch_000060
txn_000041,2026-10-01 09:00:00,2026-10-03 00:00:00,usd,487.04,14.12,472.92,charge,ch_000190,pi_000190,ch_000190
txn_000042,2026-10-01 09:00:00,2026-10-03 00:00:00,usd,225.98,6.55,219.43,charge,ch_000037,pi_000037,ch_000037
txn_000043,2026-10-01 09:00:00,2026-10-03 00:00:00,usd,136.17,3.94,132.23,charge,ch_000031,pi_000031,ch_000031
txn_000044,2026-10-01 09:00:00,2026-10-03 00:00:00,eur,343.91,9.97,333.94,charge,ch_000106,pi_000106,ch_000106
txn_000045,2026-10-01 09:00:00,2026-10-03 00:00:00,usd,456.92,13.25,443.67,charge,ch_000003,pi_000003,ch_000003
txn_000046,2026-10-01 09:00:00,2026-10-03 00:00:00,usd,20.06,0.58,19.48,charge,ch_000212,pi_000212,ch_000212
txn_000047,2026-10-01 09:00:00,2026-10-03 00:00:00,usd,364.36,10.56,353.80,charge,ch_000120,pi_000120,ch_000120
txn_000048,2026-10-01 09:00:00,2026-10-03 00:00:00,jpy,20853,604,20249,charge,ch_000194,pi_000194,ch_000194
txn_000049,2026-10-01 09:00:00,2026-10-03 00:00:00,usd,374.91,10.87,364.04,charge,ch_000152,pi_000152,ch_000152
txn_po_000049,2026-10-02 08:00:00,2026-10-04 00:00:00,usd,-100.00,0.00,-100.00,payout,po_000049,,
txn_000050,2026-10-01 09:00:00,2026-10-03 00:00:00,jpy,30833,894,29939,charge,ch_000161,pi_000161,ch_000161
txn_000051,2026-10-01 09:00:00,2026-10-03 00:00:00,jpy,32805,951,31854,charge,ch_000071,pi_000071,ch_000071
txn_000052,2026-10-01 09:00:00,2026-10-03 00:00:00,jpy,28389,823,27566,charge,ch_000124,pi_000124,ch_000124
txn_000053,2026-10-01 09:00:00,2026-10-03 00:00:00,jpy,31472,912,30560,charge,ch_000149,pi_000149,ch_000149
txn_000054,2026-10-01 09:00:00,2026-10-03 00:00:00,eur,155.37,4.50,150.87,charge,ch_000040,pi_000040,ch_000040
txn_000055,2026-10-01 09:00:00,2026-10-03 00:00:00,eur,409.73,11.88,397.85,charge,ch_000087,pi_000087,ch_000087
txn_000056,2026-10-01 09:00:00,2026-10-03 00:00:00,usd,379.87,11.01,368.86,charge,ch_000155,pi_000155,ch_000155
txn_000057,2026-10-01 09:00:00,2026-10-03 00:00:00,eur,448.30,12.96,435.34,charge,ch_000203,pi_000203,ch_000203
txn_000058,2026-10-01 09:00:00,2026-10-03 00:00:00,eur,334.32,9.69,324.63,charge,ch_000136,pi_000136,ch_000136
txn_000059,2026-10-01 09:00:00,2026-10-03 00:00:00,eur,142.38,4.12,138.26,charge,ch_000056,pi_000056,ch_000056
txn_000060,2026-10-01 09:00:00,2026-10-03 00:00:00,usd,271.85,7.88,263.97,charge,ch_000054,pi_000054,ch_000054
txn_000061,2026-10-01 09:00:00,2026-10-03 00:00:00,eur,449.82,13.04,436.78,charge,ch_000038,pi_000038,ch_000038
txn_000062,2026-10-01 09:00:00,2026-10-03 00:00:00,eur,195.23,5.66,189.57,charge,ch_000028,pi_000028,ch_000028
txn_000063,2026-10-01 09:00:00,2026-10-03 00:00:00,jpy,30545,885,29660,charge,ch_000177,pi_000177,ch_000177
txn_000064,2026-10-01 09:00:00,2026-10-03 00:00:00,usd,6.45,0.18,6.27,charge,ch_000091,pi_000091,ch_000091
txn_000065,2026-10-01 09:00:00,2026-10-03 00:00:00,eur,390.40,11.32,379.08,charge,ch_000137,pi_000137,ch_000137
txn_000066,2026-10-01 09:00:00,2026-10-03 00:00:00,eur,102.23,2.96,99.27,charge,ch_000102,pi_000102,ch_000102
txn_000067,2026-10-01 09:00:00,2026-10-03 00:00:00,jpy,12593,365,12228,charge,ch_000104,pi_000104,ch_000104
txn_000068,2026-10-01 09:00:00,2026-10-03 00:00:00,usd,368.54,10.68,357.86,charge,ch_000094,pi_000094,ch_000094
txn_000069,2026-10-01 09:00:00,2026-10-03 00:00:00,eur,28.86,0.83,28.03,charge,ch_000009,pi_000009,ch_000009
txn_000070,2026-10-01 09:00:00,2026-10-03 00:00:00,jpy,36090,1046,35044,charge,ch_000187,pi_000187,ch_000187
txn_po_000070,2026-10-02 08:00:00,2026-10-04 00:00:00,usd,-100.00,0.00,-100.00,payout,po_000070,,
txn_000071,2026-10-01 09:00:00,2026-10-03 00:00:00,usd,331.78,9.62,322.16,charge,ch_000145,pi_000145,ch_000145
txn_000072,2026-10-01 09:00:00,2026-10-03 00:00:00,eur,401.78,11.65,390.13,charge,ch_000176,pi_000176,ch_000176
txn_po_000072,2026-10-02 08:00:00,2026-10-04 00:00:00,usd,-100.00,0.00,-100.00,payout,po_000072,,
txn_000073,2026-10-01 09:00:00,2026-10-03 00:00:00,jpy,44487,1290,43197,charge,ch_000131,pi_000131,ch_000131
txn_000074,2026-10-01 09:00:00,2026-10-03 00:00:00,usd,293.89,8.52,285.37,charge,ch_000049,pi_000049,ch_000049
txn_000075,2026-10-01 09:00:00,2026-10-03 00:00:00,jpy,42697,1238,41459,charge,ch_000171,pi_000171,ch_000171
txn_000076,2026-10-01 09:00:00,2026-10-03 00:00:00,usd,8.73,0.25,8.48,charge,ch_000041,pi_000041,ch_000041
txn_000077,2026-10-01 09:00:00,2026-10-03 00:00:00,eur,220.08,6.38,213.70,charge,ch_000114,pi_000114,ch_000114
txn_000078,2026-10-01 09:00:00,2026-10-03 00:00:00,eur,355.84,10.31,345.53,charge,ch_000147,pi_000147,ch_000147
txn_000079,2026-10-01 09:00:00,2026-10-03 00:00:00,usd,341.75,9.91,331.84,charge,ch_000002,pi_000002,ch_000002
txn_po_000079,2026-10-02 08:00:00,2026-10-04 00:00:00,usd,-100.00,0.00,-100.00,payout,po_000079,,
txn_000080,2026-10-01 09:00:00,2026-10-03 00:00:00,usd,345.48,10.01,335.47,charge,ch_000007,pi_000007,ch_000007
txn_000081,2026-10-01 09:00:00,2026-10-03 00:00:00,eur,96.77,2.80,93.97,charge,ch_000174,pi_000174,ch_000174
txn_000082,2026-10-01 09:00:00,2026-10-03 00:00:00,jpy,39914,1157,38757,charge,ch_000086,pi_000086,ch_000086
txn_000083,2026-10-01 09:00:00,2026-10-03 00:00:00,usd,275.41,7.98,267.43,charge,ch_000119,pi_000119,ch_000119
txn_000084,2026-10-01 09:00:00,2026-10-03 00:00:00,eur,25.44,0.73,24.71,charge,ch_000175,pi_000175,ch_000175
txn_000085,2026-10-01 09:00:00,2026-10-03 00:00:00,eur,323.90,9.39,314.51,charge,ch_000129,pi_000129,ch_000129
txn_000086,2026-10-01 09:00:00,2026-10-03 00:00:00,usd,276.88,8.03,268.85,charge,ch_000204,pi_000204,ch_000204
txn_000087,2026-10-01 09:00:00,2026-10-03 00:00:00,eur,445.43,12.91,432.52,charge,ch_000115,pi_000115,ch_000115
txn_000088,2026-10-01 09:00:00,2026-10-03 00:00:00,jpy,9637,279,9358,charge,ch_000133,pi_000133,ch_000133
txn_po_000088,2026-10-02 08:00:00,2026-10-04 00:00:00,usd,-100.00,0.00,-100.00,payout,po_000088,,
txn_000089,2026-10-01 09:00:00,2026-10-03 00:00:00,usd,223.65,6.48,217.17,charge,ch_000134,pi_000134,ch_000134
txn_000090,2026-10-01 09:00:00,2026-10-03 00:00:00,usd,377.30,10.94,366.36,charge,ch_000103,pi_000103,ch_000103
txn_000091,2026-10-01 09:00:00,2026-10-03 00:00:00,jpy,25884,750,25134,charge,ch_000010,pi_000010,ch_000010
txn_000092,2026-10-01 09:00:00,2026-10-03 00:00:00,eur,405.87,11.77,394.10,charge,ch_000083,pi_000083,ch_000083
txn_000093,2026-10-01 09:00:00,2026-10-03 00:00:00,usd,31.27,0.90,30.37,charge,ch_000164,pi_000164,ch_000164
txn_000094,2026-10-01 09:00:00,2026-10-03 00:00:00,usd,473.77,13.73,460.04,charge,ch_000092,pi_000092,ch_000092
txn_000095,2026-10-01 09:00:00,2026-10-03 00:00:00,usd,69.31,2.00,67.31,charge,ch_000178,pi_000178,ch_000178
txn_000096,2026-10-01 09:00:00,2026-10-03 00:00:00,usd,188.92,5.47,183.45,charge,ch_000200,pi_000200,ch_000200
txn_000097,2026-10-01 09:00:00,2026-10-03 00:00:00,jpy,49589,1438,48151,charge,ch_000073,pi_000073,ch_000073
txn_000098,2026-10-01 09:00:00,2026-10-03 00:00:00,eur,64.84,1.88,62.96,charge,ch_000195,pi_000195,ch_000195
txn_000099,2026-10-01 09:00:00,2026-10-03 00:00:00,jpy,8398,243,8155,charge,ch_000140,pi_000140,ch_000140
txn_000100,2026-10-01 09:00:00,2026-10-03 00:00:00,eur,181.83,5.27,176.56,charge,ch_000199,pi_000199,ch_000199
txn_000101,2026-10-01 09:00:00,2026-10-03 00:00:00,jpy,2537,73,2464,charge,ch_000138,pi_000138,ch_000138
txn_000102,2026-10-01 09:00:00,2026-10-03 00:00:00,eur,189.75,5.50,184.25,charge,ch_000044,pi_000044,ch_000044
txn_000103,2026-10-01 09:00:00,2026-10-03 00:00:00,jpy,20153,584,19569,charge,ch_000099,pi_000099,ch_000099
txn_000104,2026-10-01 09:00:00,2026-10-03 00:00:00,eur,55.49,1.60,53.89,charge,ch_000034,pi_000034,ch_000034
txn_000105,2026-10-01 09:00:00,2026-10-03 00:00:00,eur,298.18,8.64,289.54,charge,ch_000116,pi_000116,ch_000116
txn_000106,2026-10-01 09:00:00,2026-10-03 00:00:00,usd,286.82,8.31,278.51,charge,ch_000193,pi_000193,ch_000193
txn_000107,2026-10-01 09:00:00,2026-10-03 00:00:00,eur,277.57,8.04,269.53,charge,ch_000197,pi_000197,ch_000197
txn_000108,2026-10-01 09:00:00,2026-10-03 00:00:00,eur,64.15,1.86,62.29,charge,ch_000014,pi_000014,ch_000014
txn_000109,2026-10-01 09:00:00,2026-10-03 00:00:00,usd,351.79,10.20,341.59,charge,ch_000173,pi_000173,ch_000173
txn_000110,2026-10-01 09:00:00,2026-10-03 00:00:00,jpy,11719,339,11380,charge,ch_000206,pi_000206,ch_000206
txn_000111,2026-10-01 09:00:00,2026-10-03 00:00:00,usd,435.73,12.63,423.10,charge,ch_000033,pi_000033,ch_000033
txn_000112,2026-10-01 09:00:00,2026-10-03 00:00:00,usd,128.89,3.73,125.16,charge,ch_000163,pi_000163,ch_000163
txn_po_000112,2026-10-02 08:00:00,2026-10-04 00:00:00,usd,-100.00,0.00,-100.00,payout,po_000112,,
txn_000113,2026-10-01 09:00:00,2026-10-03 00:00:00,eur,265.37,7.69,257.68,charge,ch_000039,pi_000039,ch_000039
txn_000114,2026-10-01 09:00:00,2026-10-03 00:00:00,eur,152.96,4.43,148.53,charge,ch_000101,pi_000101,ch_000101
txn_000115,2026-10-01 09:00:00,2026-10-03 00:00:00,eur,254.18,7.37,246.81,charge,ch_000110,pi_000110,ch_000110
txn_000116,2026-10-01 09:00:00,2026-10-03 00:00:00,eur,345.97,10.03,335.94,charge,ch_000042,pi_000042,ch_000042
txn_000117,2026-10-01 09:00:00,2026-10-03 00:00:00,usd,137.98,4.00,133.98,charge,ch_000132,pi_000132,ch_000132
txn_000118,2026-10-01 09:00:00,2026-10-03 00:00:00,usd,146.32,4.24,142.08,charge,ch_000061,pi_000061,ch_000061
txn_000119,2026-10-01 09:00:00,2026-10-03 00:00:00,eur,262.45,7.61,254.84,charge,ch_000074,pi_000074,ch_000074
txn_po_000119,2026-10-02 08:00:00,2026-10-04 00:00:00,usd,-100.00,0.00,-100.00,payout,po_000119,,
txn_000120,2026-10-01 09:00:00,2026-10-03 00:00:00,eur,31.71,0.91,30.80,charge,ch_000097,pi_000097,ch_000097
txn_000121,2026-10-01 09:00:00,2026-10-03 00:00:00,eur,61.10,1.77,59.33,charge,ch_000188,pi_000188,ch_000188
txn_000122,2026-10-01 09:00:00,2026-10-03 00:00:00,eur,306.52,8.88,297.64,charge,ch_000012,pi_000012,ch_000012
txn_000123,2026-10-01 09:00:00,2026-10-03 00:00:00,usd,202.68,5.87,196.81,charge,ch_000058,pi_000058,ch_000058
txn_000124,2026-10-01 09:00:00,2026-10-03 00:00:00,eur,495.93,14.38,481.55,charge,ch_000068,pi_000068,ch_000068
txn_000125,2026-10-01 09:00:00,2026-10-03 00:00:00,usd,477.75,13.85,463.90,charge,ch_000157,pi_000157,ch_000157
txn_000126,2026-10-01 09:00:00,2026-10-03 00:00:00,usd,135.53,3.93,131.60,charge,ch_000020,pi_000020,ch_000020
txn_000127,2026-10-01 09:00:00,2026-10-03 00:00:00,usd,63.81,1.85,61.96,charge,ch_000024,pi_000024,ch_000024
txn_000128,2026-10-01 09:00:00,2026-10-03 00:00:00,jpy,19602,568,19034,charge,ch_000078,pi_000078,ch_000078
txn_000129,2026-10-01 09:00:00,2026-10-03 00:00:00,usd,485.79,14.08,471.71,charge,ch_000135,pi_000135,ch_000135
txn_000130,2026-10-01 09:00:00,2026-10-03 00:00:00,eur,42.58,1.23,41.35,charge,ch_000105,pi_000105,ch_000105
txn_000131,2026-10-01 09:00:00,2026-10-03 00:00:00,usd,53.12,1.54,51.58,charge,ch_000017,pi_000017,ch_000017
txn_000132,2026-10-01 09:00:00,2026-10-03 00:00:00,jpy,19542,566,18976,charge,ch_000144,pi_000144,ch_000144
txn_po_000132,2026-10-02 08:00:00,2026-10-04 00:00:00,usd,-100.00,0.00,-100.00,payout,po_000132,,
txn_000133,2026-10-01 09:00:00,2026-10-03 00:00:00,eur,318.68,9.24,309.44,charge,ch_000098,pi_000098,ch_000098
txn_po_000133,2026-10-02 08:00:00,2026-10-04 00:00:00,usd,-100.00,0.00,-100.00,payout,po_000133,,
txn_000134,2026-10-01 09:00:00,2026-10-03 00:00:00,jpy,34693,1006,33687,charge,ch_000191,pi_000191,ch_000191
txn_po_000134,2026-10-02 08:00:00,2026-10-04 00:00:00,usd,-100.00,0.00,-100.00,payout,po_000134,,
txn_000135,2026-10-01 09:00:00,2026-10-03 00:00:00,eur,372.20,10.79,361.41,charge,ch_000150,pi_000150,ch_000150
txn_000136,2026-10-01 09:00:00,2026-10-03 00:00:00,usd,326.27,9.46,316.81,charge,ch_000207,pi_000207,ch_000207
txn_000137,2026-10-01 09:00:00,2026-10-03 00:00:00,eur,274.95,7.97,266.98,charge,ch_000006,pi_000006,ch_000006
txn_000138,2026-10-01 09:00:00,2026-10-03 00:00:00,eur,111.89,3.24,108.65,charge,ch_000048,pi_000048,ch_000048
txn_000139,2026-10-01 09:00:00,2026-10-03 00:00:00,eur,109.22,3.16,106.06,charge,ch_000062,pi_000062,ch_000062
txn_000140,2026-10-01 09:00:00,2026-10-03 00:00:00,eur,82.57,2.39,80.18,charge,ch_000076,pi_000076,ch_000076
txn_000141,2026-10-01 09:00:00,2026-10-03 00:00:00,eur,100.18,2.90,97.28,charge,ch_000130,pi_000130,ch_000130
txn_000142,2026-10-01 09:00:00,2026-10-03 00:00:00,eur,133.38,3.86,129.52,charge,ch_000015,pi_000015,ch_000015
txn_000143,2026-10-01 09:00:00,2026-10-03 00:00:00,eur,383.54,11.12,372.42,charge,ch_000148,pi_000148,ch_000148
txn_000144,2026-10-01 09:00:00,2026-10-03 00:00:00,jpy,5936,172,5764,charge,ch_000064,pi_000064,ch_000064
txn_000145,2026-10-01 09:00:00,2026-10-03 00:00:00,eur,481.71,13.96,467.75,charge,ch_000084,pi_000084,ch_000084
txn_000146,2026-10-01 09:00:00,2026-10-03 00:00:00,eur,243.52,7.06,236.46,charge,ch_000067,pi_000067,ch_000067
txn_000147,2026-10-01 09:00:00,2026-10-03 00:00:00,usd,399.95,11.59,388.36,charge,ch_000189,pi_000189,ch_000189
txn_000148,2026-10-01 09:00:00,2026-10-03 00:00:00,usd,34.09,0.98,33.11,charge,ch_000059,pi_000059,ch_000059
txn_000149,2026-10-01 09:00:00,2026-10-03 00:00:00,usd,490.25,14.21,476.04,charge,ch_000013,pi_000013,ch_000013
txn_000150,2026-10-01 09:00:00,2026-10-03 00:00:00,eur,242.16,7.02,235.14,charge,ch_000158,pi_000158,ch_000158
txn_000151,2026-10-01 09:00:00,2026-10-03 00:00:00,jpy,33266,964,32302,charge,ch_000027,pi_000027,ch_000027
txn_000152,2026-10-01 09:00:00,2026-10-03 00:00:00,eur,426.23,12.36,413.87,charge,ch_000172,pi_000172,ch_000172
txn_000153,2026-10-01 09:00:00,2026-10-03 00:00:00,eur,292.74,8.48,284.26,charge,ch_000211,pi_000211,ch_000211
txn_000154,2026-10-01 09:00:00,2026-10-03 00:00:00,jpy,15800,458,15342,charge,ch_000018,pi_000018,ch_000018
txn_000155,2026-10-01 09:00:00,2026-10-03 00:00:00,jpy,34122,989,33133,charge,ch_000008,pi_000008,ch_000008
txn_000156,2026-10-01 09:00:00,2026-10-03 00:00:00,usd,210.71,6.11,204.60,charge,ch_000122,pi_000122,ch_000122
txn_000157,2026-10-01 09:00:00,2026-10-03 00:00:00,usd,432.17,12.53,419.64,charge,ch_000069,pi_000069,ch_000069
txn_000158,2026-10-01 09:00:00,2026-10-03 00:00:00,eur,310.85,9.01,301.84,charge,ch_000108,pi_000108,ch_000108
txn_000159,2026-10-01 09:00:00,2026-10-03 00:00:00,eur,75.88,2.20,73.68,charge,ch_000121,pi_000121,ch_000121
txn_000160,2026-10-01 09:00:00,2026-10-03 00:00:00,jpy,10993,318,10675,charge,ch_000113,pi_000113,ch_000113
txn_po_000160,2026-10-02 08:00:00,2026-10-04 00:00:00,usd,-100.00,0.00,-100.00,payout,po_000160,,
txn_000161,2026-10-01 09:00:00,2026-10-03 00:00:00,usd,248.61,7.21,241.40,charge,ch_000210,pi_000210,ch_000210
txn_000162,2026-10-01 09:00:00,2026-10-03 00:00:00,eur,47.81,1.38,46.43,charge,ch_000183,pi_000183,ch_000183
txn_000163,2026-10-01 09:00:00,2026-10-03 00:00:00,eur,192.54,5.58,186.96,charge,ch_000128,pi_000128,ch_000128
txn_000164,2026-10-01 09:00:00,2026-10-03 00:00:00,jpy,9600,278,9322,charge,ch_000053,pi_000053,ch_000053
txn_000165,2026-10-01 09:00:00,2026-10-03 00:00:00,usd,371.46,10.77,360.69,charge,ch_000079,pi_000079,ch_000079
txn_000166,2026-10-01 09:00:00,2026-10-03 00:00:00,usd,5.84,0.16,5.68,charge,ch_000201,pi_000201,ch_000201
txn_000167,2026-10-01 09:00:00,2026-10-03 00:00:00,jpy,49725,1442,48283,charge,ch_000118,pi_000118,ch_000118
txn_000168,2026-10-01 09:00:00,2026-10-03 00:00:00,eur,26.00,0.75,25.25,charge,ch_000030,pi_000030,ch_000030
txn_000169,2026-10-01 09:00:00,2026-10-03 00:00:00,jpy,11826,342,11484,charge,ch_000055,pi_000055,ch_000055
txn_000170,2026-10-01 09:00:00,2026-10-03 00:00:00,eur,299.18,8.67,290.51,charge,ch_000165,pi_000165,ch_000165
txn_000171,2026-10-01 09:00:00,2026-10-03 00:00:00,usd,128.59,3.72,124.87,charge,ch_000035,pi_000035,ch_000035
txn_000172,2026-10-01 09:00:00,2026-10-03 00:00:00,usd,440.67,12.77,427.90,charge,ch_000066,pi_000066,ch_000066
txn_000173,2026-10-01 09:00:00,2026-10-03 00:00:00,eur,367.33,10.65,356.68,charge,ch_000082,pi_000082,ch_000082
txn_000174,2026-10-01 09:00:00,2026-10-03 00:00:00,eur,490.56,14.22,476.34,charge,ch_000046,pi_000046,ch_000046
txn_000175,2026-10-01 09:00:00,2026-10-03 00:00:00,eur,14.58,0.42,14.16,charge,ch_000112,pi_000112,ch_000112
txn_000176,2026-10-01 09:00:00,2026-10-03 00:00:00,jpy,40550,1175,39375,charge,ch_000126,pi_000126,ch_000126
txn_000177,2026-10-01 09:00:00,2026-10-03 00:00:00,usd,283.44,8.21,275.23,charge,ch_000085,pi_000085,ch_000085
txn_000178,2026-10-01 09:00:00,2026-10-03 00:00:00,eur,228.14,6.61,221.53,charge,ch_000205,pi_000205,ch_000205
txn_po_000178,2026-10-02 08:00:00,2026-10-04 00:00:00,usd,-100.00,0.00,-100.00,payout,po_000178,,
txn_000179,2026-10-01 09:00:00,2026-10-03 00:00:00,eur,202.87,5.88,196.99,charge,ch_000021,pi_000021,ch_000021
txn_000180,2026-10-01 09:00:00,2026-10-03 00:00:00,eur,460.55,13.35,447.20,charge,ch_000151,pi_000151,ch_000151
txn_000181,2026-10-01 09:00:00,2026-10-03 00:00:00,eur,374.45,10.85,363.60,charge,ch_000153,pi_000153,ch_000153
txn_000182,2026-10-01 09:00:00,2026-10-03 00:00:00,usd,227.28,6.59,220.69,charge,ch_000050,pi_000050,ch_000050
txn_000183,2026-10-01 09:00:00,2026-10-03 00:00:00,usd,218.44,6.33,212.11,charge,ch_000139,pi_000139,ch_000139
txn_000184,2026-10-01 09:00:00,2026-10-03 00:00:00,usd,454.06,13.16,440.90,charge,ch_000081,pi_000081,ch_000081
txn_000185,2026-10-01 09:00:00,2026-10-03 00:00:00,eur,424.61,12.31,412.30,charge,ch_000096,pi_000096,ch_000096
txn_000186,2026-10-01 09:00:00,2026-10-03 00:00:00,jpy,48812,1415,47397,charge,ch_000011,pi_000011,ch_000011
txn_000187,2026-10-01 09:00:00,2026-10-03 00:00:00,eur,418.43,12.13,406.30,charge,ch_000052,pi_000052,ch_000052
txn_000188,2026-10-01 09:00:00,2026-10-03 00:00:00,eur,9.06,0.26,8.80,charge,ch_000057,pi_000057,ch_000057
txn_000189,2026-10-01 09:00:00,2026-10-03 00:00:00,jpy,28196,817,27379,charge,ch_000117,pi_000117,ch_000117
txn_000190,2026-10-01 09:00:00,2026-10-03 00:00:00,eur,191.11,5.54,185.57,charge,ch_000070,pi_000070,ch_000070
txn_000191,2026-10-01 09:00:00,2026-10-03 00:00:00,jpy,37024,1073,35951,charge,ch_000088,pi_000088,ch_000088
txn_000192,2026-10-01 09:00:00,2026-10-03 00:00:00,jpy,44228,1282,42946,charge,ch_000160,pi_000160,ch_000160
txn_000193,2026-10-01 09:00:00,2026-10-03 00:00:00,usd,130.55,3.78,126.77,charge,ch_000095,pi_000095,ch_000095
txn_000194,2026-10-01 09:00:00,2026-10-03 00:00:00,usd,113.52,3.29,110.23,charge,ch_000100,pi_000100,ch_000100
txn_000195,2026-10-01 09:00:00,2026-10-03 00:00:00,usd,354.40,10.27,344.13,charge,ch_000146,pi_000146,ch_000146
txn_000196,2026-10-01 09:00:00,2026-10-03 00:00:00,jpy,777,22,755,charge,ch_000089,pi_000089,ch_000089
txn_000197,2026-10-01 09:00:00,2026-10-03 00:00:00,jpy,14178,411,13767,charge,ch_000036,pi_000036,ch_000036
txn_000198,2026-10-01 09:00:00,2026-10-03 00:00:00,eur,322.22,9.34,312.88,charge,ch_000004,pi_000004,ch_000004
txn_000199,2026-10-01 09:00:00,2026-10-03 00:00:00,usd,195.39,5.66,189.73,charge,ch_000169,pi_000169,ch_000169
txn_000200,2026-10-01 09:00:00,2026-10-03 00:00:00,eur,444.74,12.89,431.85,charge,ch_000159,pi_000159,ch_000159
txn_000201,2026-10-01 09:00:00,2026-10-03 00:00:00,usd,328.89,9.53,319.36,charge,ch_000045,pi_000045,ch_000045
txn_000202,2026-10-01 09:00:00,2026-10-03 00:00:00,eur,393.17,11.40,381.77,charge,ch_000111,pi_000111,ch_000111
txn_po_000202,2026-10-02 08:00:00,2026-10-04 00:00:00,usd,-100.00,0.00,-100.00,payout,po_000202,,
txn_000203,2026-10-01 09:00:00,2026-10-03 00:00:00,eur,237.48,6.88,230.60,charge,ch_000182,pi_000182,ch_000182
txn_000204,2026-10-01 09:00:00,2026-10-03 00:00:00,jpy,35958,1042,34916,charge,ch_000167,pi_000167,ch_000167
txn_000205,2026-10-01 09:00:00,2026-10-03 00:00:00,usd,78.16,2.26,75.90,charge,ch_000025,pi_000025,ch_000025
txn_po_000205,2026-10-02 08:00:00,2026-10-04 00:00:00,usd,-100.00,0.00,-100.00,payout,po_000205,,
txn_000206,2026-10-01 09:00:00,2026-10-03 00:00:00,usd,287.23,8.32,278.91,charge,ch_000043,pi_000043,ch_000043
txn_000207,2026-10-01 09:00:00,2026-10-03 00:00:00,usd,263.74,7.64,256.10,charge,ch_000001,pi_000001,ch_000001
txn_000208,2026-10-01 09:00:00,2026-10-03 00:00:00,usd,496.57,14.40,482.17,charge,ch_000168,pi_000168,ch_000168
txn_000209,2026-10-01 09:00:00,2026-10-03 00:00:00,jpy,24351,706,23645,charge,ch_000125,pi_000125,ch_000125
txn_000210,2026-10-01 09:00:00,2026-10-03 00:00:00,eur,190.88,5.53,185.35,charge,ch_000186,pi_000186,ch_000186
